<?xml version="1.0" encoding="UTF-8"?>
<!DOCTYPE suite SYSTEM "https://testng.org/testng-1.0.dtd">
<suite name="ServiceNow">
<parameter name="url" value="https://dev113221.service-now.com"></parameter>
<parameter name="username" value="admin"></parameter>
<parameter name="password" value="BKC-f26dpv+C"></parameter>
  <test thread-count="5" name="Test">
    <classes>
      <class name="week6.day2.assignment.OrderingMobile"/>
    </classes>
  </test> <!-- Test -->
</suite> <!-- ServiceNow -->
