<?xml version="1.0" encoding="UTF-8"?>
<!DOCTYPE suite SYSTEM "https://testng.org/testng-1.0.dtd">
<suite name="Suite">
	<listeners>
	<listener class-name="week7.day2.RetryListener"></listener>
	</listeners>
<parameter name="url" value="http://leaftaps.com/opentaps/control/login"></parameter>
<parameter name="username" value="Demosalesmanager"></parameter>
<parameter name="password" value="crmsfa"></parameter>
  <test thread-count="5" name="Parameters">
    <classes>
      <class name="week7.day2.CreateLead"/>
      <class name="week7.day2.DeleteLead"/>
    </classes>
  </test> <!-- Parameters -->
</suite> <!-- Suite -->
