<?xml version="1.0" encoding="UTF-8"?>
<!DOCTYPE suite SYSTEM "https://testng.org/testng-1.0.dtd">
<suite parallel="classes" name="LeafTabs">
  <test parallel="classes" name="Leads">
    <classes>
      
      <class name="week6.day1.assignment.CreateLead"/>
      <class name="week6.day1.assignment.EditLead"/>
      <class name="week6.day1.assignment.MergeContact"/>
      <class name="week6.day1.assignment.DuplicateLead"/>
      <class name="week6.day1.assignment.DeleteLead"/>
    </classes>
  </test> <!-- Leads -->
</suite> <!-- LeafTabs -->
